backend,k,epsilon,sigma,tau,draws_per_block,total_queries,terminal_index,target_rate,empirical_central_kth_moment,encode_nanoseconds_per_query,decode_nanoseconds_per_query,public_plan_bytes_per_query,plan_fingerprint,implementation_crosscheck_z,estimate,target,signed_bias_over_epsilon,mean_ci95_halfwidth_over_epsilon,second_moment,second_moment_se,normalized_second_moment,normalized_second_moment_ci95_halfwidth
dyadic,3.0,0.4,1.0,1.5916228831585566,400000,800000,3,15.832896263712225,0.9974456452165495,13.463906361721456,16.680416301824152,11.50007,f4ced773c74ab7e84fad4f8c59b15cb480d8b7fb505d9b4b9e9400497bbbcfbe,-0.23720042547885548,0.19896895442100057,0.2,-0.0025776139474986,0.006623455926648718,17.834124426679892,0.02130694239998798,7.0399802923116805,0.016485299976231608
continuous,3.0,0.4,1.0,1.5916228831585566,400000,400000,-1,15.832896263712225,0.9933794718512026,3.513960400596261,11.262499610893428,33.0,f8759db6c47e79efaab8a6cc241f1a87bb117c8402e26ce316f362e25095f2f8,0.0047056284850993555,0.20113183074671234,0.2,0.002829576866780828,0.006618949228700285,29.44600902517753,0.0757960606253035,11.623745481687983,0.05864383415357946
dyadic,3.0,0.25,1.0,1.5916228831585566,400000,800000,3,40.5322144351033,0.9997934208050987,13.387656363192946,18.964687478728592,11.50007,59a89c7e8b9ea94ff0211dbf0f43859f4aa2fcbf37751d9890103314d699d6e7,0.9580883906049983,0.198140170440271,0.2,-0.007439318238916082,0.010609671677562289,17.847972730473963,0.021329175400527218,7.045446878921695,0.01650250177254666
continuous,3.0,0.25,1.0,1.5916228831585566,400000,400000,-1,40.5322144351033,1.0016097553179677,2.803750103339553,9.448647033423185,33.0,dabd29e0f583ee58f702c61a5d015375bac2ec33b1d604a562a282acdc1cb08d,-0.6887951035130192,0.19919583391245504,0.2,-0.0032166643501798653,0.01061567230662769,29.95538637634064,0.07788291149867413,11.824821039295598,0.06025844229431369
dyadic,3.0,0.16,1.0,1.5916228831585566,400000,800000,3,98.95560164820141,0.9981191738667025,13.919791381340474,19.255363731645048,11.50007,ce0bbc135429f045fe65b53ee37dc868a979bef8bebcf4f87ec2f0874abf3a3b,-0.11270012294484326,0.20153627633909896,0.2,0.009601727119368415,0.016559422180510378,17.843708273335487,0.021328619160899377,7.043763494108736,0.016502071406849346
continuous,3.0,0.16,1.0,1.5916228831585566,400000,400000,-1,98.95560164820141,0.9938738843927736,4.698854754678905,10.09125029668212,33.0,97e6dc5ccf8773d9524856d4eaffeafe6c21c4a2bceaf8030b37fb5bf4d5d4bd,-0.7741116586855943,0.19796546503231566,0.2,-0.012715843548027211,0.016545932034096742,30.01726797109757,0.07751518687835039,11.849248658904099,0.059973931708004226
dyadic,3.0,0.1,1.0,1.5916228831585566,400000,800000,4,253.3263402193956,0.9977668628991733,15.95052017364651,18.981978646479547,11.50009,bda584e0a514ff3460ec7151035c23023d64aa8eb73dcab6cb191f27a59b2f1c,-0.007589884801333398,0.20161289001328545,0.2,0.01612890013285434,0.026509135686713325,17.85861318182392,0.021328098926849972,7.049647173032737,0.01650166889886855
continuous,3.0,0.1,1.0,1.5916228831585566,400000,400000,-1,253.3263402193956,0.9980864988500008,5.2470824448391795,10.122605017386377,33.0,6c85d484f8d0f33bae6547ac134e4296a5412554ea1dacd3f2fa49ff965c42a9,1.0013238522404269,0.19893243571357172,0.2,-0.010675642864282908,0.026503734272891887,30.30051875511974,0.07839189649097196,11.961061265432441,0.0606522468169858
dyadic,3.0,0.063,1.0,1.5916228831585566,400000,800000,4,638.2623840246803,0.9994088507837549,13.61151022138074,19.10432241857052,11.50009,784a860f8ed673cb0fa4336140be1ea9695df8e270df9aebe12ce5045c48602c,-0.21414937973625,0.1995896957560015,0.2,-0.006512765777754223,0.042067602757204677,17.850680105115106,0.021300098397216624,7.0465156089395835,0.01648000473317862
continuous,3.0,0.063,1.0,1.5916228831585566,400000,400000,-1,638.2623840246803,1.0003507254182433,3.329790197312832,15.69458283483982,33.0,5c8f95bf4ae0499dc485782a6cea1e0969d049d3bd491ba6a0746efff14d2540,-1.2895209498713702,0.20130024928320647,0.2,0.020638877511213675,0.04208978512346645,30.49750429933859,0.07875307012684936,12.038820863604608,0.06093168887015195
dyadic,2.0,0.4,1.0,1.4422205101855958,400000,800000,6,29.672170823499997,0.928693013365993,11.620468576438725,19.55020852619782,11.50013,d1f8f9128c62d286578f3d591216b152955c2a509e9b5277f45ca4c3bc24b09d,1.3493409095344555,0.20031033833383982,0.2,0.0007758458345995256,0.007466252855925946,91.4301664858671,31.08191264435552,19.258400200503594,12.832004512180921
continuous,2.0,0.4,1.0,1.4422205101855958,400000,400000,-1,29.672170823499997,0.884872502955925,1.7120852135121822,14.521352713927627,33.0,a5d5ee96acd8eb9accbc5b5b7f0a7dae7660af7c73afc95c18b2d53a645caaec,1.972436858496189,0.2014169599449265,0.2,0.003542399862316234,0.0069565874649360265,68.48976787505443,2.279807843120057,14.426347562008202,0.9412067032218059
dyadic,2.0,0.25,1.0,1.4422205101855958,400000,800000,6,91.60247808945807,0.83612366701526,15.193125000223517,19.043957581743598,11.50013,686db37903de240fc019397d22fbafe78f03462508577ae4504e66977ffd097e,-0.7781147017860126,0.2010432988876432,0.2,0.004173195550572717,0.011335001593067238,67.29989723050211,9.293728144943861,11.755122548501834,3.181696835109755
continuous,2.0,0.25,1.0,1.4422205101855958,400000,400000,-1,91.60247808945807,0.8262454846265136,4.384479834698141,11.943437857553363,33.0,3f3d4a3459a120c5fdb560a95d31cd43b84aa6af5e740e589a9f9b42aea8cafa,-1.0495443626977026,0.2001170707095534,0.2,0.00046828283821354066,0.011239550450372698,76.092258541896,2.596921590534138,13.290864636668026,0.8890530341288102
dyadic,2.0,0.16,1.0,1.4422205101855958,400000,800000,7,259.89968961165,0.8578614083919278,11.470363824628294,17.49437506077811,11.50015,f253f6794522c3541c5aa6bab21966f271d8099b7ca6550b8e16bc94e71062b0,-1.456175953174513,0.19980234904987598,0.2,-0.0012353184382751792,0.017939700636252703,83.81580609421341,13.989273637652174,12.597379129030141,4.121027479806326
continuous,2.0,0.16,1.0,1.4422205101855958,400000,400000,-1,259.89968961165,0.8376907108460985,4.746562335640192,13.481250498443842,33.0,1bbd90355c15b385d0d25e781555e1e2df9b44129128b8d592547016c85aa425,0.25120604144838643,0.20033605602890292,0.2,0.002100350180643182,0.01771341109604531,84.5139519395022,4.348760195054863,12.70230931237258,1.2810786843623971
dyadic,2.0,0.1,1.0,1.4422205101855958,400000,800000,8,763.1039602889372,0.8568034202747076,11.043906270060688,19.749635248444974,11.50017,584a481e7f4a9f87a30a357fb7eda92156d2d469738ca6888daa41cefccb9125,-0.09616846252886395,0.2003180542850742,0.2,0.0031805428507419853,0.028685814697670526,81.74459168096752,7.368609680220431,10.712117343751723,1.8925959927876181
continuous,2.0,0.1,1.0,1.4422205101855958,400000,400000,-1,763.1039602889372,0.9622128564661714,3.586562816053629,11.003020335920155,33.0,6ae6eba5711dd74c3a465196073ead59d6852c4cde51e5226cac5689d5eaa273,-1.7345721418011975,0.20068846528886977,0.2,0.006884652888697607,0.030127322718975856,103.60830421322689,13.310453177526144,13.577220091217615,3.418733172092731
dyadic,2.0,0.063,1.0,1.4422205101855958,400000,800000,8,2164.7955048753365,0.832014879599011,13.749271165579557,19.15000000735745,11.50017,0aed2f603cfb6d6d0e2bdfe5ffb4e7ad456bf65e78722534efe05079f228556f,-0.39469352471473373,0.19980410160841286,0.2,-0.0031094982791611348,0.04486953881181273,83.94026170779487,12.313767265820868,9.769500119704254,2.808982515977801
continuous,2.0,0.063,1.0,1.4422205101855958,400000,400000,-1,2164.7955048753365,0.8316495615105511,5.908332532271743,16.02947770152241,33.0,5b88ee9022d30834320a440c3bf867a4a3dbb8afd96f197355f67aa3b78b21d3,0.013831517497335776,0.20230859665602802,0.2,0.0366443913655239,0.04485954444564441,99.0768992901213,3.747870390675888,11.531198018469869,0.8549538230092295
dyadic,1.5,0.4,1.0,1.3339706235612263,400000,800000,12,37.09016994374946,0.7735097175608101,12.888385099358857,17.572656215634197,11.50025,04342f517fa1ff2fa71c071405b1027d0c93950827484850c808697049013a4f,1.7062515338940134,0.20484949241236897,0.2,0.012123731030922388,0.01313796038032685,1473.727187391752,284.51677160120505,248.33520404914395,93.96911519684528
continuous,1.5,0.4,1.0,1.3339706235612263,400000,400000,-1,37.09016994374946,0.729778555544196,2.3078126832842827,13.015625299885869,33.0,40aa7951ae1ab3649f85461c6f65262d4ae9d835a260bd0cf29f8c42db2f0c82,0.6533340939629722,0.20303106506328922,0.2,0.007577662658223017,0.01115524127533625,718.3250858585711,16.877137691131118,121.04371032607406,5.574116727691009
dyadic,1.5,0.25,1.0,1.3339706235612263,400000,800000,13,151.92133608959784,0.7634427747190319,12.310259917285293,18.963957263622433,11.50027,6c10c306b274802932e341356cab4135ba3a85ff796cdf2a6e9123230d7b4968,0.8766454411150642,0.201736831482962,0.2,0.006947325931847992,0.019490357037802344,1735.0290278627149,180.4243142070148,182.72920157463133,37.243659377738965
continuous,1.5,0.25,1.0,1.3339706235612263,400000,400000,-1,151.92133608959784,1.0668375531144594,2.207917277701199,15.28041495475918,33.0,d9c4c14fca316d80cced06396329964fb95002bdd5c605db9c29857e196af946,0.1090375629921837,0.2018293845150397,0.2,0.007317538060158779,0.046088282429591475,1666.3387156985862,316.7361186416994,175.49489846148677,65.38149898014096
dyadic,1.5,0.16,1.0,1.3339706235612263,400000,800000,14,579.5339053710856,0.8369788351670535,11.334062437526882,19.740103743970394,11.50029,e04f76809fea7913f6c734e35147155de0bd941a22fc775d073477f5c1edad22,0.07176774889091708,0.20046818615154516,0.2,0.002926163447157168,0.03909004041594977,3121.9290396694373,655.6415141547619,210.42833211630727,86.61711241093236
continuous,1.5,0.16,1.0,1.3339706235612263,400000,400000,-1,579.5339053710856,0.7896872298149479,3.9420847315341234,14.669375377707183,33.0,e7d30c634455f508773b876a76f8115bd9374004633255578caff303b185e649,0.6792304246063253,0.19840758301411132,0.2,-0.009952606161804309,0.03379367464696032,1943.4082092010738,77.65837333388718,130.99213431405303,10.25948465356585
dyadic,1.5,0.1,1.0,1.3339706235612263,400000,800000,16,2373.7708763999653,0.9037813708666912,12.55968731129542,17.905989952851087,11.50033,002c226007e083404c56b34f51d74557c44536ef16786aa46ef9f1856691a2ec,1.1258938686884123,0.1940169162465907,0.2,-0.05983083753409307,0.08425491388606379,4750.4104688623265,1444.1422366201475,200.12085058802074,119.24144878162049
continuous,1.5,0.1,1.0,1.3339706235612263,400000,400000,-1,2373.7708763999653,0.9431565468628208,3.156352322548628,12.401354615576565,33.0,323abd1b3e9953cdab1bdd6da6ae3e65a29447f33634853c5cbbaf39c2931e7c,1.8597311286600438,0.2028507385368153,0.2,0.028507385368152782,0.10071153181650765,3699.911950586014,746.9228602929753,155.86643122849577,61.67270905246213
dyadic,1.5,0.063,1.0,1.3339706235612263,400000,800000,17,9493.298765431962,0.8414360221371724,13.601041282527149,19.981926307082176,11.50035,3361c9882a7ad65e5be6d6473b224e246dc921f907dece54c3699bfc0e81a605,1.2296643501906306,0.19983345724061946,0.2,-0.0026435358631833362,0.10571186226306141,5931.010138506673,2286.2141277300566,157.40931125273525,118.92542928163435
continuous,1.5,0.063,1.0,1.3339706235612263,400000,400000,-1,9493.298765431962,0.7883379229518254,4.329791991040111,11.183852329850197,33.0,ff428f8052ecd3f32ca8ed47a29086ce0003c3fe1011ec6bfb9d514fa4d85d41,0.26824769020261097,0.20187979586784946,0.2,0.029838029648403947,0.09124973071653164,4936.266313698389,285.38430885729684,131.00875946150055,14.845263630137069
